Method,Mean,Std Dev
Standard Monte Carlo,3.1938507040867004,0.03852422540351031
Antithetic Variates,3.2034435091775193,0.020331669753096814
